,age,absences,mean_grade
count,989.0,989.0,989.0
mean,16.690596562184023,3.4196157735085944,11.50252780586451
std,1.2145051757366059,3.7807925306624393,2.911175535147726
min,15.0,0.0,4.0
25%,16.0,0.0,9.0
50%,17.0,2.0,11.0
75%,18.0,6.0,13.0
max,21.0,15.0,19.0
