,age,absences,mean_grade
count,1044.0,1044.0,1044.0
mean,16.726053639846743,4.434865900383142,11.438697318007662
std,1.239974693164953,6.210016564763469,2.9193500354176263
min,15.0,0.0,4.0
25%,16.0,0.0,9.0
50%,17.0,2.0,11.0
75%,18.0,6.0,13.0
max,22.0,75.0,19.0
